﻿pos_x,pos_y,rotation,side,designator,mpn,pack,value,mount_type,place
141.2,-102.3,-90.0,top,C1,,C0805,10 μF 10V Ceramic,smt,True
149.0,-102.25,-90.0,top,C2,,C0805,10 μF 10V Ceramic,smt,True
143.0,-102.5,90.0,bottom,G1,,egg_logo,LOGO,tht,False
145.2,-102.2,180.0,top,IC1,,SOT95P237X112-3N,MCP1700T-3302E_TT,smt,True
138.05,-96.0,0.0,top,J1,,PinSocket_1x01_P2.00mm_Vertical,Castellated Hole,tht,True
152.7,-96.0,0.0,top,J2,,PinSocket_1x01_P2.00mm_Vertical,Castellated Hole,tht,True
145.375,-95.005,180.0,top,J3,,1016435900011LF,10164359-00011LF,tht,True
152.7,-101.52,180.0,top,J4,,PinSocket_1x01_P2.00mm_Vertical,Castellated Hole,tht,True
149.2,-105.75,0.0,top,R3,,RESC2012X60N,5.1k,smt,True
141.5,-105.75,180.0,top,R4,,RESC2012X60N,5.1k,smt,True
